RPM,Vibration,Pressure,Machine_Mode,Temperature,Defective
1649.0142459033698,7.099033154879003,26.62410862512809,Standard,116.82487987729775,0
1458.5207096486447,6.386950524369153,29.27740664642241,Standard,117.6385256238062,0
1694.3065614302077,5.089445554880261,26.037900395000193,Standard,108.6696376184582,0
1956.9089569224077,4.029594833441639,28.4601923518048,Eco,116.50478984381807,0
1429.7539875829991,6.047334970420385,20.531926665231072,High-Speed,115.50988547079065,0
1429.758912915246,5.590228078132625,31.066468536864694,High-Speed,112.83717695216761,0
1973.7638446522174,6.342789830041599,30.006027376811122,Standard,133.01469464022273,0
1730.2304187458726,5.9527577025229546,25.914556844659046,Eco,128.5105733167925,0
1359.1576842195143,6.574329072979003,33.296228342162024,High-Speed,119.36626816560772,0
1662.7680130757894,4.197147182659148,34.68785068813279,Standard,124.09782596766895,0
1360.9746921562614,6.976091098451489,21.962200678155128,High-Speed,115.94604277949267,0
1360.281073928923,5.296399407038599,26.18637610716893,High-Speed,105.28824556657729,0
1572.5886814698101,8.112891308937899,26.15428825106351,Eco,119.57517077608652,1
926.0159266026607,3.9662182728656483,25.300484494455677,Eco,93.65794575142286,0
982.5246502460901,7.603945704747874,34.14737420965874,High-Speed,113.29464108410333,1
1331.313741227708,5.296866175193972,29.030869306135983,Standard,116.67368919785336,0
1196.150663899673,4.022872994578328,28.677425793446947,Eco,103.94615274448539,0
1594.2741997785822,4.274171248918518,19.980688177966233,High-Speed,108.37969652558185,0
1227.5927773436367,4.519479037708519,33.17709015104613,Eco,107.17991717732477,0
1076.3088895994124,5.636248919602875,23.803708025732636,Eco,110.79187733425006,0
1939.6946306764662,5.784253232053249,30.299663151331643,Eco,124.76870626361107,0
1432.2671098540393,4.139449994092131,31.38688468979096,High-Speed,121.71837769369365,0
1520.2584614063771,4.963468111608526,36.80329297919325,Standard,122.56111935975026,0
1072.575544135963,8.213405537917795,23.45589800440444,Standard,103.71474524122189,0
1336.6851826424452,7.591314755151067,14.902439220895873,Standard,106.77880818471513,0
1533.2767769129598,5.654485504511048,30.919247723768475,Eco,114.22326334122077,0
1154.7019267733092,5.057005217252301,39.00255590755427,High-Speed,119.8853431915311,0
1612.7094055037016,5.1800469900773916,36.19473176469719,Eco,122.85327708539093,0
1319.8083930243586,5.920276959095625,31.048297076373128,Standard,116.8515491944615,0
1412.491875062017,3.4658111522023916,27.541819071839765,Standard,107.1010550889853,0
1319.488016331181,4.613935193864982,34.03561298318655,High-Speed,112.3763771785187,0
2055.6834553526814,2.497123889183615,25.132269001477656,Eco,112.59418398311665,0
1495.9508325786198,5.598834683907919,32.3817888467811,Standard,124.00264912287473,0
1182.68672131323,5.970793909554112,32.52735079583314,High-Speed,113.7368343278179,0
1746.7634736309567,4.275220306550939,35.3010495374944,Eco,122.29070540050007,0
1133.7469050086934,7.3609801449350485,43.79830019455539,Eco,125.12495912594501,1
1562.6590785014266,3.1613515054964885,31.962079835893835,Standard,111.33191523505594,0
912.0989628360674,2.80343767968527,27.455181871462507,Standard,95.65796181922441,0
1101.5441853304708,5.336677727839958,29.87212843904003,Eco,110.29842985090878,0
1559.058370760737,6.570647453918232,21.15462047555441,Eco,109.36079743517004,1
1721.539973998623,7.525891537186803,26.52643434455471,Standard,120.01991583318718,0
1551.4104843569912,4.31167360569659,27.95358780943448,Eco,121.06168441704226,0
1465.305515283528,6.618021250146944,27.379558010327038,Standard,115.94102717530177,1
1409.6688913232133,4.9422372957489396,30.76177436016861,Eco,112.40058650935147,0
1056.4434028897717,4.74105905008877,25.887900338088997,Standard,96.97247792569219,0
1284.0467374815873,6.3254899062300085,35.60515333662236,High-Speed,124.23217037187585,0
1361.8083687120638,5.978484317620129,30.001035324590987,Standard,110.90357736041017,0
1817.1366678656748,2.635411764523626,29.95349839430687,Standard,116.81759817926078,0
1603.0854868705385,7.214810524588843,28.36052641743541,High-Speed,114.24623183624826,0
971.0879533911798,7.0701370312211775,30.775953419294897,Eco,115.80872838313304,0
1597.2251908184385,4.061655947735706,34.125491323338174,High-Speed,125.28331796247147,0
1384.475315875105,5.593705300156113,25.664348921445498,Standard,114.62785043243885,1
1296.9233999082123,5.7410452794241085,26.709417554623716,Eco,103.98621458339701,1
1683.5028866522603,5.391010648735861,28.481369856116675,High-Speed,124.12649095932436,0
1809.2998567487853,4.174542269231869,23.270645382633926,Eco,111.10212411596076,0
1779.3840357348595,3.9925649480929226,25.903710701392512,Eco,110.43720225243545,0
1248.2347430332084,4.961668893512832,27.618895632276704,High-Speed,107.54667837147935,0
1407.2362872446356,6.759093528889047,34.371945903563635,Eco,120.5231779232338,0
1599.3790294210692,5.8154002318916485,31.312806645009626,High-Speed,119.05108322825676,0
1792.6635381367078,4.444078501870841,30.967949556837723,Standard,128.10619790240492,0
1356.247728646413,6.1575480659725175,34.254489810839864,Eco,129.98154656874456,1
1444.3023070008549,0.7271860690548868,29.313141058003016,Standard,97.30884147230941,0
1168.0995077981916,6.723148550558156,31.952324249644448,Standard,112.28755896045183,0
1141.1380127757989,2.3904293318328507,29.48389123533752,Eco,103.0996882535929,0
1743.7577467182593,4.456338587895302,31.326811746998143,High-Speed,119.13386834701582,0
1906.8720085712469,3.320495158060784,27.08620671194209,Eco,120.10463718252315,0
1478.3969635258998,3.0579777864186415,17.805914208617853,Standard,106.03754188318787,0
1801.0598693676072,6.741240181067779,29.32860418906848,Standard,130.0840109026266,0
1608.4908075142903,4.298448198032163,37.1137406804997,High-Speed,125.65559702901514,1
1306.4640736184626,5.519755822596074,34.631077011207964,Eco,125.92901024242443,1
1608.4186816525241,4.929619131681224,34.82698742295585,Standard,114.4092749860377,0
1961.4109699397907,5.715561240834682,36.18065360903109,Standard,139.86218934788047,1
1489.2521882670146,5.115232836590383,30.44328795480719,Standard,114.86279805021329,0
1969.3930967442018,3.075511663717146,30.98657853702798,High-Speed,125.79153002717742,0
714.0764687730767,6.49440022917071,26.91174052282825,Standard,96.89859122525368,0
1746.5707513125672,4.259365125258031,28.41963571986475,Standard,113.77305445582184,0
1526.1141204714513,2.665127152010373,33.07885574885571,Eco,116.95877134594967,0
1410.2977948602397,4.357827258551131,36.01942218584408,Eco,108.27241167850866,0
1527.5282329606507,7.2511396859514665,29.302768621595003,Standard,127.06783916280925,1
903.7293256197322,6.27533261317024,27.749053675742942,Standard,112.26197849762255,0
1434.0984336487463,4.477021798388211,30.002639794282988,Eco,114.76555927351664,0
1607.1337714535239,4.476113443522356,33.00603374464558,High-Speed,120.44659121148563,0
1943.3682134224548,4.517547423173926,22.78072591933229,High-Speed,114.21763283730749,0
1344.5189345179058,8.11512197534126,18.51909523431381,High-Speed,115.36570682818066,1
1257.4519191320437,5.57290317834733,27.247315752542082,High-Speed,112.61747516257999,0
1349.472886924639,5.645062470786605,23.896437870429207,High-Speed,105.61173723168353,1
1774.6206353106222,6.545425181047763,27.459299011763445,High-Speed,121.86601511780165,0
1598.6253328979053,5.35818373853977,29.26109840591264,High-Speed,117.98016760555863,0
1341.0719388698883,4.611436781268945,27.733757954884933,High-Speed,108.57302611188214,0
1653.9802299340067,4.705475226372533,37.26233767235372,Eco,117.83860573574458,0
1529.1232648044122,4.892598110878904,31.6337238230116,High-Speed,121.61604117461425,0
1790.5934971598667,4.944166645235238,31.502371798054142,High-Speed,122.15663171521926,0
1289.3840718367942,6.09144431545547,33.11103572021701,High-Speed,117.58194468101472,0
1401.7013560206694,5.077918828710949,24.305834411096154,Standard,107.28215878408055,0
1382.3675540603526,6.098960115823369,35.195558937101346,Eco,123.4275558903065,0
1060.9455155603644,4.878925129837127,29.6211785673227,Eco,108.10664691156528,0
1588.836083119373,5.117952785474136,33.35240308620606,Eco,127.31744804068974,0
1578.3165816539668,2.0026989732018388,24.64071383479922,High-Speed,108.68864369861822,0
1501.5340369927383,6.374491512053722,22.231206169919677,High-Speed,112.73845244673926,0
1429.6238599874557,5.519732713846989,34.08944829012514,Standard,115.96478352895389,1
1075.3887773848758,6.497015164789478,31.882047630487584,Eco,117.58571498364452,0
1373.8064031703923,0.6556169327094661,25.48974222821245,High-Speed,98.09408368381918,0
1397.185645041969,8.132562057171091,25.651684593626527,Eco,117.93787788568724,0
1259.3168192335143,4.790615557767239,35.627173922073844,Standard,114.80475638528408,0
1451.6142865001973,6.662274225106275,24.05294053566336,Standard,112.92228516801468,0
1621.2152570443616,3.440141109311704,38.21336476627982,Standard,120.822654756041,0
2065.855770363159,5.919160857593854,25.496896326760655,Eco,136.14357242631922,0
1552.3733438495517,3.419876655239516,33.191959628041914,High-Speed,110.9116159468849,0
1577.2651172168291,4.064346558956292,28.356907621255075,High-Speed,110.31917378492334,0
1477.6662252701499,7.871047030800179,33.01593715541171,Standard,132.56531389750407,1
924.3686354102875,4.71397639885498,27.279429989429037,High-Speed,100.22183577441108,0
1492.045837365235,5.326149309769584,29.18603546963853,Standard,114.25201197706501,0
1518.069062982308,6.305101596033131,30.204595876978605,Eco,125.46213123517903,1
2238.972633745586,5.743522831958907,24.989062721092637,Standard,122.02853184527433,0
1442.2917105656632,5.225628357715364,33.70412172710063,Eco,122.98047463354919,1
1590.4642027000837,5.547441503699337,27.433932167642073,Standard,117.85311569397139,0
1489.586469088427,8.605123377857412,28.857000423299908,High-Speed,126.71414881921187,1
1149.3965887141403,4.913571804449622,25.028253126957438,High-Speed,107.52461856323345,0
1842.8468443545062,5.301648570072452,17.188331706023448,Standard,110.72181074467682,0
1725.5799098060322,6.575981594011418,29.044861186999157,High-Speed,129.44336003149806,1
1737.309584112914,6.658288899436975,42.063077108064576,High-Speed,132.29168705991205,1
1227.1837635615784,6.78054545834057,33.92302143949012,High-Speed,120.6777011636688,1
1920.8382932808297,5.958095333043777,29.903698101328025,Eco,133.42358510693413,1
1079.4446811623156,3.2854926309042747,28.68554585395866,High-Speed,109.64557038290629,0
1676.057128140081,7.450147298451644,30.11232946406023,Eco,124.90074270047546,0
2157.1366877429937,3.280481910471968,32.73559557587605,Standard,129.8480913629457,1
1202.8391024607936,5.45395319785855,24.095935923455777,High-Speed,105.17096983160877,0
1330.1106811191685,3.8685862249709633,35.57160847334436,High-Speed,127.24994709983015,0
1529.8954095262923,4.9037924801105115,33.57690657720622,High-Speed,123.6195446819362,1
1348.9573037651403,5.493143615455221,33.59092862853967,Standard,118.00504019595729,0
1034.8009706801602,5.482035823175409,32.192378694048635,Eco,111.71782279406936,0
1520.5688924418082,5.632881131352927,30.09808328846995,Eco,120.6075743852248,0
1181.3088858821686,7.420566903587971,33.364306179834095,High-Speed,121.052757624398,1
1642.0777291905545,5.68030145227097,32.95907066870689,Standard,122.20957366122124,0
1224.172729729859,4.633765047064027,28.22979644529488,Standard,106.68006787231727,0
1964.980321505262,6.446130752432536,27.131991135515495,Standard,126.36125941096653,0
1265.0240122991288,6.784205733386961,30.509281476309933,Standard,110.96996123526189,0
1403.3815451382973,3.1585882772945113,37.74510075747594,Standard,119.75155423685527,0
1744.055165210901,5.896100104774787,23.804464621730496,Eco,114.65640005029451,1
1130.7407050698134,6.051759113466347,22.6623736712378,Eco,100.5743604271288,1
1568.237980381239,4.553654744960012,30.823804206182583,Eco,117.33616750215013,0
1892.1428262847285,7.06356021996743,30.25443850928009,High-Speed,129.0546947345878,0
1017.7550296316317,4.77491661945121,30.86670832185204,Standard,108.23393117768724,0
1555.3901575596913,5.188364680207314,31.219765989542502,High-Speed,116.21350079636406,0
1577.964838274527,4.740392263574195,28.883988726825976,Standard,114.55475561473193,0
1734.546861533193,5.023368571372202,37.44931719301041,Eco,130.66940993894514,1
1128.9147867365755,3.355587369657197,21.99548010761742,High-Speed,101.7197342474444,0
1103.863016074717,2.8399236761085582,25.85751487609877,Eco,102.81070664352815,0
1656.5824696850693,7.3917575948374585,29.483726199254765,Standard,125.36786240195627,1
1589.095401969956,3.729557977522508,21.784055944229166,Standard,109.37766085525008,0
1575.147855103763,3.5129114758155393,29.120727977839643,Standard,114.73401261243832,0
1603.9344628490928,1.7699148295944278,38.30735082864009,Eco,113.86914829483513,0
1295.9925835264528,4.041557378465747,30.10443244147981,Standard,117.47752407060777,0
1569.676109148301,3.015365309888752,31.153504528593416,Eco,120.51267924300113,0
1587.9217419896045,7.463022740204553,23.699176174137097,High-Speed,123.34656058461799,0
1285.6945745920896,6.514725634013951,26.918192959802614,Standard,111.40595201271077,0
2059.732353343427,3.9677744822334144,28.124018098380315,Standard,126.30901834090707,1
1642.1498762735362,8.378653708016463,28.41142451621883,Standard,131.4106210973358,1
1142.6089508392054,6.472648230487391,36.40821897501884,High-Speed,112.04439026441193,0
1696.966082590149,4.512752924737066,32.788455303625625,Standard,129.92452701503862,0
1207.5954989318036,1.250891427689641,24.44271021531484,Eco,88.13636866433308,0
1736.1253811227357,8.436413858886112,31.232523892160025,Eco,134.3225904819434,1
1847.5786737022213,2.915641299854606,32.491108742483924,Standard,127.49997524893044,0
1253.7953044944868,2.5319018795646624,35.700745192606334,Standard,109.40093962275132,0
1789.0128387732966,6.533855648014461,37.90270343284187,High-Speed,131.68473664266023,0
1623.8342780809494,8.659628609508909,24.924529040860655,High-Speed,127.4036842813144,1
1746.618047998347,7.076409227765778,25.94571244394831,High-Speed,132.6393634442094,1
2069.037894796184,5.84586368007854,23.71211070542692,Standard,123.55976747075475,0
1426.383565199139,5.8921315124979285,28.829900704465093,High-Speed,112.41714468946995,0
1273.8791506927532,6.280123338170462,32.33179187223167,High-Speed,114.92444757902659,0
1233.145671112343,6.138392884680147,34.93667258294551,Eco,110.19566373887255,1
1255.2569145103685,5.421787135954064,29.620244881787386,High-Speed,116.84459152909824,0
1476.8694871757687,5.156301655927814,28.40076238372578,Eco,112.57833852674624,0
1602.3455924449931,4.9061103081507165,30.758789961243703,Eco,117.87752381794384,0
1583.0072397990057,3.8690531166999858,25.824285491849885,High-Speed,116.54031163830503,0
1748.1549747108072,4.578987384699839,40.44769360847387,Eco,126.88417122069559,0
1503.900567563372,2.460564778706922,21.961694864409708,Standard,107.59423116650449,0
1936.060223147195,4.852490559807875,30.923702894478623,Standard,120.40095065896506,1
1420.6029500286131,3.5171133392736236,40.118031096148194,High-Speed,124.09286436729488,0
2316.0507499768855,3.3446160241763434,30.033999222799988,Standard,130.41927954454593,0
1687.700204329502,5.269841226730217,29.049804824992528,Eco,119.72555585931127,0
1242.8527330751153,7.088003429516899,28.212772885947864,Standard,115.80174898377183,0
1178.7322505816662,6.37747490900347,29.09804159118796,High-Speed,106.36295908382867,0
1644.7417245729555,2.6442490945652337,36.86424237338265,High-Speed,119.53685484631318,0
1432.9611644022448,3.5155577951444936,18.940690443352466,Eco,101.89232120380508,0
1714.2001482276276,6.411156781982324,37.66716850648163,High-Speed,124.14846667250583,1
1641.9712873720634,3.5262689096925355,22.880214237749275,Standard,106.60389227733933,0
1478.1513262029382,4.663050275004463,28.666738353827927,High-Speed,113.50781660486966,0
1245.9618845794785,5.825078148536828,27.853777898506692,Eco,108.7284944569978,1
1045.5458325942407,3.547483317704547,32.942766348853596,High-Speed,94.07326849997699,0
1366.0455143798936,5.15806325921894,22.009378240581263,Standard,113.20550872615455,1
1756.9196382970417,2.9989617576226935,32.31086333040972,Eco,117.77403844887702,0
1564.2281232390612,4.097948534073179,40.12154811643426,Standard,112.25692124692887,0
1126.2783663864036,5.479672901213806,23.184129977035948,Eco,115.44686826078832,1
1551.9542777553545,2.610509399702496,30.94853083805198,High-Speed,118.53114538137086,0
1615.595213918651,5.660712106940599,26.690089111016956,Eco,116.0708455791964,0
1234.84276913966,4.970543301609978,32.12943603096518,Eco,108.61427500475679,0
1546.1175317836585,5.828734931625722,30.09573888707876,High-Speed,121.5867351282031,0
1517.4626155337999,5.335871201096992,26.79256545477845,Standard,116.13461675166194,0
1157.108910650813,7.046210644960766,32.43936142435537,High-Speed,119.41964358890432,1
1607.336208104485,5.187836753971861,39.021740548933714,Eco,122.13560711989109,1
1668.2353579104704,4.355891688312121,29.045481041363505,High-Speed,122.97968131693867,1
1824.915372952583,5.183446254548426,33.59878971074091,Eco,123.96864424813771,0
1816.1406156104708,5.814947043554582,23.53363521064418,High-Speed,123.09091683288905,0
1086.6991896128727,5.073290105488557,25.217818115909957,High-Speed,100.6067672464217,0
1218.652488025463,5.060887536805824,32.362031389401885,Standard,126.15561364281277,1
1654.510580162598,3.9470124682898664,37.420580142679825,Eco,126.37182363294677,0
1654.1357852736626,4.0056486236735775,31.7780667439283,Standard,132.94045204266806,0
1654.5143058918143,2.8960920923004596,28.434709847384227,Eco,117.21629410812506,0
2655.819447196416,7.624365114780409,29.99645702711677,High-Speed,143.36714556822932,1
1671.26715320795,3.1342051469130725,23.747961330151412,Eco,114.40612896350879,0
1840.6696920541797,3.960642203306139,33.022576631776836,Standard,127.6359497457365,1
1786.2005290479608,3.922389101646204,34.41166531161704,Standard,124.92593630685718,1
1695.4173753917394,6.342386565416662,27.7395483358346,Standard,125.1079149502044,0
1405.4192266078962,4.557575482561958,27.649789261202493,Eco,115.4307902945632,0
1727.6907661479802,6.8716131090106005,31.329391148260243,Standard,121.8279559602656,1
1268.1524356387285,3.989764063634197,27.816401319797023,Standard,102.26628790404793,0
1428.9544179779973,5.418491243335703,29.669336926870887,Standard,111.88970101632376,0
1354.390935651269,3.746979420110364,40.49860894583258,High-Speed,119.49186639181991,0
1524.5622418158969,8.217723691660083,28.76487149627002,High-Speed,122.93159540511706,1
2194.397570002053,3.218602371455731,28.20829923989389,Eco,119.62324389098077,0
939.8204422224755,5.464731065340541,26.762290971824203,Eco,107.74464033785848,0
1705.878057112354,5.950665321398148,33.720959857499686,Standard,127.38621643242459,0
1016.1852386431044,5.620698646177248,29.093879133909486,High-Speed,108.49519965228707,0
1358.42044026317,4.722068511683438,26.75313480839287,Standard,109.08614140531661,1
1826.6851790902099,4.805268950399861,36.60652016136506,Standard,125.94095157506803,1
1519.284005728639,5.065717207968665,37.098015022568184,High-Speed,118.52172934350409,1
1176.6765666212082,4.779496997557267,26.997882171306475,High-Speed,111.74928102604919,0
1285.4088872220095,6.445818675192364,20.66730024319692,High-Speed,104.8391002187127,0
1703.8793246804028,8.315784502387027,35.03756844918461,Eco,133.94405484238737,1
1280.890010484859,4.16376232248825,26.57685087119998,Eco,115.59873869423795,1
1564.9375768745924,2.945295530631383,33.953127995813844,Standard,114.16320403727462,0
1513.671551971144,4.8675769274731175,20.149480911440822,Eco,113.36546879085432,0
1304.519895718255,8.869564006481477,34.462986691496546,High-Speed,128.6782423639444,1
2143.183226797598,3.794488148045404,23.944140353596094,High-Speed,123.06253500524761,0
1690.1757066954033,7.458675208166101,33.653820595332625,Eco,131.5250008401132,1
892.4572240027179,7.516551221114661,30.071365339182172,Standard,110.22308195783211,1
1555.9362944308282,4.169617637438008,25.230302903016774,Standard,111.9008921485922,0
1301.4640605694835,5.853474618777913,27.964818435366098,Eco,110.29425276549871,0
1755.7300004388671,7.442594934692807,33.431592284783505,Standard,130.67364677900662,0
1262.24377847019,4.43130838851877,30.52947226557617,Standard,107.82059437424417,0
1465.5790675599303,4.694629459846458,32.92206490236242,Standard,122.41408238808769,0
1651.4961836941372,4.127478629077034,39.88220292257743,High-Speed,116.75689544124506,0
1759.7265582510365,3.4778649039606995,22.178791941444743,High-Speed,114.03749343370569,0
1139.9110778832671,4.026083682400989,38.08606287484312,Eco,115.01521457065373,0
1399.6496292477154,3.164089599856615,30.521779687616064,High-Speed,111.55072015556885,0
1357.5164066517132,5.051125202388839,25.50607975838436,Standard,115.3054996900413,0
1304.0012302278865,3.8450401534120378,23.348431871305053,High-Speed,102.94075253491714,0
2029.636272084329,5.350678867686121,29.054398046114834,Eco,128.490110270654,0
1621.4945132882867,2.666156530694559,34.6082505596223,High-Speed,108.19917259926771,0
1121.7348136994865,5.496320348321685,29.362254398112327,Standard,107.58871625260768,0
1775.358584116433,6.250293442413387,37.55577465123674,Standard,135.45620716522762,1
2136.64685910379,2.009396536142817,22.744121549742207,Eco,109.2559170845442,0
1809.739578165344,5.561084854771358,29.939555260769726,High-Speed,124.8478647441048,0
1044.1890102137959,6.841503488709939,23.738032777934404,High-Speed,103.5903797889793,0
1354.7297781401246,3.185538471963192,31.81815941312484,High-Speed,109.95803441435167,0
1880.073344755987,7.508858580256555,34.4344369504865,Standard,130.83277546234234,1
1287.6991603143658,5.6285285140490675,27.896191031594732,Eco,105.90627929521862,0
1633.1458284438686,3.9424822163623867,16.97893071686433,High-Speed,108.03228325807379,0
1732.390216028801,4.916346383513441,30.99474073398247,Standard,121.48647905642189,0
1221.920858526575,5.837490368782584,32.18369275866755,Standard,117.84224289785799,0
1482.14239318146,5.114008087118617,32.021473774808484,Standard,122.01723664126683,1
527.6197979792782,5.808133988669554,36.17891095911077,High-Speed,110.14215338399315,0
1192.683707599713,3.6189896103809507,24.644731601754756,High-Speed,103.28436718656377,0
1424.2295545820518,5.254041236054117,33.40108052725225,High-Speed,124.68366372659418,0
1125.6650454105452,2.8794282546425296,35.962537562389876,High-Speed,103.60302905777435,0
1989.7233911794906,4.833160907976949,21.107062079967417,High-Speed,123.30781890364679,0
1070.9575866118103,3.6441385378028155,31.598259129594886,High-Speed,108.10505746205841,0
1367.9866539909049,3.8967050861153503,27.479100844961643,High-Speed,110.25023973364972,0
1539.2221731858274,6.854139762815656,29.59238663449177,High-Speed,123.8173633491647,0
1932.3819867198347,6.636965180891403,31.738382417691682,High-Speed,125.82706422910124,1
1069.2413546461682,5.913707181360765,27.56385717943224,Standard,102.23644674024595,0
1848.9491256464878,3.3615308529911316,26.62145960419194,High-Speed,125.22911825914612,0
1503.0699183058762,4.525387325457797,30.170762087440124,Eco,114.66786545872776,0
1205.5474046856148,6.819646549968775,24.56377030568599,Standard,109.89611360414953,0
1638.631042278981,5.212575370459857,24.570874355574073,High-Speed,109.94921138498208,0
1559.717908672041,8.478994309972542,33.396866414782515,Eco,121.70044555271399,1
1319.9349368523615,5.589976759091558,24.25602982420672,High-Speed,109.33687010008009,0
1520.9406254970056,5.288073674735047,33.331562504546056,Eco,118.59630709287093,0
1384.405920941472,4.536325303696248,32.31295646426975,Eco,114.88796863319813,1
1534.0552035753744,5.2003113571734225,21.370966356047017,Eco,111.21442525118952,0
1698.639202356314,4.771295245429185,26.612176738321725,Eco,129.6380689576601,1
1975.8050448436056,6.062163015032886,35.97054701523686,Standard,131.75504614294903,0
1128.6553503519453,6.435053475191876,25.09417234430159,Standard,116.63577911017711,0
2139.91001239688,3.8210158092380757,27.677978688453063,Eco,132.70324379701998,0
914.3736601432495,3.003150569663333,32.31030446625948,High-Speed,105.41171462639082,0
1454.464471489325,2.245691940345055,33.91695254641298,Eco,110.66144965503398,0
1676.495161945373,5.761986990368816,28.74230556977752,Standard,114.12135348998785,0
1584.2975603205098,3.3449500907391894,27.01244902654179,High-Speed,114.04800504116115,0
1313.1901440538218,1.7706641105712757,37.11184930849254,Standard,115.47400300280339,0
1437.5633248928175,5.582867906796446,38.6944983189879,Standard,132.4024722414527,0
1352.09971960235,8.739499276149186,34.89429025390898,High-Speed,122.05638501431324,1
1323.1905729167365,4.99089363269016,30.42659071282512,Eco,112.06468616439389,0
1754.8806291063074,6.257736161677463,25.958671391795367,Eco,116.78956714764186,0
1607.1046457895143,5.122744037821348,25.847777967217173,Eco,112.45978542193278,0
1292.1271214218038,4.851665520213286,32.61257052632879,Eco,117.38370032121047,0
1769.8799626299751,6.378614724481653,32.091991104443416,High-Speed,123.62120510052968,0
1592.1898562629829,4.564588183717023,37.007992964732146,High-Speed,118.74030606975289,0
1743.858635651688,5.401088471107855,33.2522504626807,High-Speed,128.96667357955934,0
1688.8886525770836,5.48254670929402,22.48459849120091,Standard,117.72551256795519,0
1251.3014967233782,3.997864319535427,35.25973808861459,High-Speed,114.97853719387368,0
1331.945687940909,6.488063524304784,25.009696863427937,Eco,109.60239326932715,1
1724.1880815369786,4.737560364956887,28.08014364023824,Standard,125.25689384639588,0
1683.1110796300395,3.8663822607607328,31.251001031258472,Eco,118.40142905610836,0
1493.7295218107556,5.804764765355605,39.978337448919824,Eco,138.27012300251383,0
1535.1982149926346,3.652298027313444,45.549592780026806,High-Speed,127.08021443950796,0
1883.2994687365274,5.042271736053692,33.03361529568092,High-Speed,115.0318217421737,0
1322.528583349251,4.986321505033695,29.08401690639806,Eco,100.29421128080337,0
1664.1292143510113,6.628843348747367,32.67252824240275,Eco,129.1124649620382,1
1439.3422042698319,5.7120473493199295,34.43827712936918,Standard,127.12005492384584,0
1434.695639031834,4.962459561882284,28.396661872214043,High-Speed,109.89825053349436,0
1829.6330555961572,6.226649448800431,38.97605677956161,Standard,143.84502402145927,0
1747.624904696409,7.08531132352597,31.15035379595701,Standard,135.90105412447923,0
1744.0528908001916,5.8367154595277935,32.48871544545697,Standard,126.51655263839463,1
1891.6436421462988,5.015528929765071,33.329621260272305,Eco,129.73266188733714,0
1506.3011524898277,3.032245651474761,32.10793305307228,Standard,117.86563470788388,0
1704.5858913884892,3.402329505386941,34.194702502348065,Standard,129.40327807971815,0
1406.9199730219632,4.542162943467998,26.913734067265384,Eco,114.43547390664948,0
1597.2499057465327,4.0857316967610755,27.208491230269846,High-Speed,114.86577860240497,0
1460.9570836896946,4.719543045521831,24.499228835141526,High-Speed,113.97888834364494,1
1529.0987894978155,5.084974887345661,32.19750615310113,Standard,121.73921933804752,1
1678.5471076310741,5.794539131535096,33.89468251756057,Eco,129.79508693188265,1
1254.5337950299584,4.894251832911364,32.28886433075943,High-Speed,105.30728048208744,0
2127.716182705638,5.729752465739303,38.372462166737684,Standard,139.15594180158843,1
1198.1947855500894,5.096711622215181,29.97201990585477,Standard,112.98549322912223,0
1135.7434161636804,2.036800150469193,33.34370827796256,Eco,104.11759948655579,0
1847.4332620500204,3.5909969092718685,24.54149561930343,Standard,119.48018623071063,0
1737.4988081888807,4.783868666417577,28.064501487627997,High-Speed,128.76708712276917,0
1687.2359451156465,3.1854578857383387,33.47768878782889,Eco,119.1816003024441,0
1688.503652779284,5.899893094994307,34.24551055371572,High-Speed,129.37481963958248,0
1496.3259681459256,7.296126248515546,28.530165261679088,High-Speed,129.02229099580842,1
1230.8236885542506,6.828142777545975,29.642003740709665,High-Speed,116.20825623722696,0
1522.7413674581178,4.679835693604688,22.410631266595953,Standard,105.6406055846568,0
1296.8514865463665,7.236089205274928,28.214853995966955,Standard,119.67803018632783,0
1792.5359200253254,5.2230011858031675,34.45191581759893,High-Speed,115.46142333510319,0
1455.8827855493585,4.494371043322941,32.876025080532834,High-Speed,105.16256819390739,0
1252.3508409622466,4.079896004688591,32.503328606906045,Eco,112.91447995207254,0
1403.584247504102,4.546295470267808,30.2488684359048,Eco,101.91166645906607,0
1623.8794362826873,4.417734772188157,30.03531579314088,Standard,110.9743395784959,0
1330.8826341588076,5.255624333563231,26.698394302632764,Standard,109.21493614163883,0
1253.3338813300707,5.240860971574797,33.49414210101267,Eco,111.35706198761912,0
1573.1061634475736,5.004569030230122,32.104864721946946,High-Speed,118.91840510434875,0
1573.4899713326167,5.655407254619525,32.46009423996399,Standard,127.14074365901483,0
1347.917047388661,6.7859694121795116,27.369825786662098,High-Speed,117.01152916437132,1
1358.6885083145032,6.4243312031619855,19.23328540064378,Eco,104.42462448581276,0
1569.6149812072908,2.7726530473251447,35.485763558768475,Standard,123.48474845339484,0
1065.5746975508027,1.1691182976470678,27.605812719957978,Standard,89.17465368837914,0
1077.7608676870334,6.40147986685891,25.686121179784397,Eco,109.21723150857596,0
1284.4667336242692,2.9496819523768685,33.46739455956997,Standard,102.13702532602503,0
1435.9658544864458,4.662851897160975,28.03993680040435,Eco,114.06998580160753,0
1593.2722696794015,3.244830460910961,35.29968192023311,Standard,116.62413006258893,0
1942.6068650848656,2.2970293436299705,33.08502974788349,Eco,126.47392401671087,0
1757.2978869606059,5.812194092307182,33.417846616002386,Standard,130.01416761875313,1
1452.0184410109719,6.13873274045397,23.170221443997328,High-Speed,109.98768116659392,1
1494.2951376291933,4.135234398909921,36.059719926932004,High-Speed,115.17706648732306,0
1199.2411906086572,1.1134365617826352,31.30625265616928,High-Speed,100.23793367640461,0
1494.446059202283,4.180633327621276,28.153614303768983,Standard,122.24125324628574,0
1413.4024083239585,5.58770600810382,30.716942336711256,Standard,124.90620946164815,1
1596.8155681014268,2.781632646838807,21.1188238355084,High-Speed,100.94411112068902,0
1251.8307169343032,5.275039879668733,32.043264057403356,High-Speed,117.85995197378732,0
1655.8039542723516,4.977035226240507,24.853142459089643,Eco,106.7840239738337,0
1959.8216739007732,5.8689372494016325,23.23664857078233,Eco,120.22138315285858,0
1467.3719554629427,5.17937055262123,22.388204068910543,Eco,105.56860698162808,0
1620.5135166296825,3.540396588677667,35.563441874949625,High-Speed,125.05841259210973,0
1707.0431975133338,6.794857252496737,26.853683031536058,High-Speed,116.1573659077953,0
1379.633858434249,4.762205640459545,37.6686385495825,High-Speed,121.77985328661221,1
1567.227744543125,4.959043190735102,27.32099268473851,Eco,115.60250762332088,0
1503.7777202345385,3.600098061390206,21.463210212035268,Standard,105.36912357914694,0
1529.3028295646495,4.335076623212735,24.417377800256705,High-Speed,119.31556514325217,0
1268.0970648433602,3.6727959289596486,36.179058100034695,Standard,122.28566356096563,0
1507.3530522776828,4.740580910114866,29.220509110316662,Standard,114.65295651682929,0
1649.3994873736349,7.567562720213515,27.258563517546996,Standard,121.98416585904411,0
1935.3430823385124,2.9421482856029657,30.80009112926394,Eco,113.16793867017299,0
1787.781247825562,2.5796579031848883,32.50891368083772,Standard,118.19060572294758,0
2145.954737253467,7.206755491240413,35.5869940795123,High-Speed,149.1720950155102,1
1269.7957311335852,4.686014484272201,37.24249614946463,Eco,116.26127105528428,0
1761.6961910162036,3.996390892010125,28.20115677105457,High-Speed,121.42962288291193,0
1555.0026017215055,6.559857031094115,23.36976156958981,High-Speed,109.20801724824092,0
2156.9408799653015,4.091576690394704,27.93267419438362,Eco,123.54002403213168,0
1257.5105143934545,7.739014570320404,31.30140253291443,High-Speed,121.8511952690149,1
1248.0834473457671,6.016888807008904,25.181205368946944,High-Speed,110.67816724983543,0
1320.1822063667933,4.268132887781446,25.214245425524787,Eco,111.36870935926211,0
862.8312827070579,8.235962319898256,31.718939407749428,High-Speed,110.20832355729303,1
1342.2734934957716,4.091427615494992,29.756738242147744,Standard,102.12948675825278,0
1272.2602015338907,6.113143058013961,30.163984977057932,High-Speed,120.46970080897043,0
1545.1181359428622,5.448938870609738,26.207523326499654,Standard,110.80998211022677,0
1602.5267927331479,6.952611934098197,28.847996428971165,High-Speed,125.0434829705953,1
2062.851251764766,7.342266795090279,25.378834278658477,Eco,132.17004377838987,1
1785.127151455815,5.04800622359865,34.450992055623935,Eco,117.56458625745212,0
1326.928903301279,3.869873194480725,35.17624667361876,High-Speed,119.59988547732254,0
1230.4755985954926,5.689958214408675,20.76906068880953,Eco,102.61682008633433,0
1647.5757514519516,3.983426945371841,25.35244569903795,High-Speed,113.4673120616338,0
1103.9300378938074,8.020080871289935,22.517353724549604,Eco,108.35177309591289,0
2049.4376297563063,5.204802996624106,26.74988032796551,Standard,133.51362186022337,0
1853.832036216386,4.452017673031837,29.582810151048196,High-Speed,128.5903840686662,0
1359.2473043685886,5.277020458797363,22.75177390150735,Standard,99.51724343671745,0
986.0596412727366,2.9793105657054553,25.390700934373434,Standard,108.77616559675808,0
1906.161712249624,3.5425789422340226,24.980213139592507,High-Speed,113.57231844967558,0
1465.6380464242147,6.800620861916638,31.03633664699472,Standard,131.65556578578085,1
1871.3448935920385,4.014658581542906,30.34672168518125,High-Speed,120.45987381314309,0
1021.6717023616899,3.4296335259770907,26.391312233313734,Standard,98.41598411836785,0
1320.1874931138682,5.804979128790929,30.88410436069699,High-Speed,114.38684250742317,0
1501.573109915455,6.778556231994496,27.266599577063673,High-Speed,116.78718421504882,0
1514.0941781294225,6.0784299659976,28.641724448369732,Eco,131.01332072539435,0
1364.980358556227,6.494071528708725,38.36726045149268,High-Speed,123.84677835748732,0
1686.8549797042497,3.8648073671458087,36.70230525895174,High-Speed,121.24948005641745,0
1179.7138711852217,2.8672839998872344,23.502093815362013,Standard,99.94921626317685,0
1457.286154493612,7.25200047793323,34.14866208939587,High-Speed,119.75797797159848,1
1536.0886895135698,4.515980241736797,34.056982772457964,Eco,127.24291328403103,0
1654.3316502176247,4.623750475317429,24.25868355623691,Standard,106.69755185916993,0
1713.484463426667,6.992291212773587,34.0938882187743,Standard,125.95548484012971,1
1162.6073724486394,5.83434501410099,37.68965959206277,Eco,122.67303920710944,0
1039.7657487793133,5.683831658122411,24.38727596877793,Standard,104.7264755497518,0
1883.3030465695526,8.247503517351626,25.412485894928682,Standard,131.36088435321332,0
1599.6942035938775,4.034722654429785,35.08830733421751,Standard,127.81715715875318,0
1275.454039033034,6.391760192121856,31.35747655412824,Standard,121.59347024593032,1
1965.345592656757,5.085519687345627,32.757381376197614,Eco,128.91399789816305,0
1534.7023902878575,5.402888418294886,31.702946082002484,Eco,130.01033896635533,1
1853.789155219148,7.292702639618797,31.95347960464072,Standard,127.72864264316135,0
1520.2555444230327,5.761753634434435,23.367639358444585,Standard,113.00205825633965,0
2118.2243774645963,5.807444118574449,35.236588533107245,Eco,134.9201670147,0
2026.6022527329612,6.608761005964704,35.84794996213887,Eco,135.22019870919718,1
1425.310755456278,4.452570905685672,28.85304627965986,Eco,107.37402611226183,0
1791.4712852863067,3.7411854989914906,29.78261525093069,Standard,111.09023252814693,0
1693.6127848755443,3.4327862089684498,22.34446248722139,Standard,112.4157990816051,0
1910.5894672597046,2.0504651159359972,32.57127378008917,High-Speed,116.22760223135214,0
1210.5229618259687,8.084310694910483,32.86028720857072,Eco,130.24850968555856,1
1705.8154379995317,3.345187451417475,29.689044915003446,Standard,115.86780170436087,0
1817.5273460548763,4.668119564621342,35.621766799352514,Eco,125.26081298467545,0
972.3781540730657,4.584780050166619,28.329613845100297,Standard,109.04490321497137,0
1145.0224462002675,5.461110046713651,32.823029629468,Eco,114.8226109316025,1
888.2303466719699,6.223605818808945,24.901678306539424,Standard,102.36737698675805,0
1419.1779496666327,6.2907102325396185,29.88223924562881,High-Speed,114.81246723236254,0
1715.2626767387887,4.125383842146593,29.12822871048582,High-Speed,136.20980512852628,1
1950.7071156288084,4.749317429320382,31.126539610204706,Eco,127.59759638534958,0
1522.2284341259326,5.42386992573245,28.152365355833208,Standard,121.94828366843831,0
1988.5846636713875,4.62696331072468,29.34263702164166,Standard,119.69848356638532,0
1085.9695625355325,7.411018364029989,34.13023585720753,Eco,114.66119891443327,1
988.9852681934536,5.7364624274573774,27.816178813808914,Standard,116.93553392501109,0
1483.3356903310143,6.102316679074726,21.967114496306603,Eco,119.48085179813057,0
1615.2196346817923,5.9943219030011194,38.7479195210271,Standard,130.57664358662677,1
1490.191575571772,6.760210786227987,36.907270393452436,Eco,124.32232033278225,1
879.767369988037,5.27153233805556,23.538686524471906,Standard,98.43494860469428,0
1473.2639881461635,3.05475207806623,33.44853902622597,Eco,110.48043750278899,0
1108.659149848544,5.599531927628963,27.485126147243285,Standard,102.37586708314471,0
1700.9017646490115,4.022964659312256,31.317436076655298,High-Speed,123.7486167238902,0
1609.9794738290545,4.207074977375365,31.47112064506747,Standard,120.58832955003375,1
1218.0360641017935,5.87954602813264,28.82796099841839,Eco,115.80234923281354,0
1345.839924798992,6.857424607150453,26.081171672068017,High-Speed,113.24080741169907,0
1182.2359434333146,5.031907365104092,26.547294738418703,Standard,108.7405179478273,0
1481.1962708180483,5.463249518898445,25.41904042259379,High-Speed,111.45706272681144,0
1786.5426961503715,7.553322416952857,25.840888958847778,Standard,121.65033081861627,1
1204.282186099337,5.361129769232853,29.664108549753223,High-Speed,119.55506716558233,1
1651.2139546553533,8.902524671270593,26.421200054446242,Eco,127.02508729904427,1
1340.9227144882677,5.848264468447316,33.4102603285631,Standard,120.70459541516682,0
1262.1381503212967,2.3588558612662736,37.436230776679636,Standard,115.26765735022283,0
1467.8908920136328,6.130012431656799,27.099733793149785,Eco,117.0328403850996,0
1189.4273032741878,5.571737577324167,31.197022502676884,High-Speed,113.87867173106146,0
1333.9052083958454,6.934629131124119,32.49842555151467,Eco,114.58029155217042,0
1140.6366322233455,6.009772026904938,32.360011354596374,Eco,109.24459665322343,0
2089.4175398749167,4.792316024024339,30.379776339580438,High-Speed,123.3338881535813,0
1510.5790655915187,3.1635526455659515,33.71341209179861,Eco,118.1184846832868,0
1290.0823476022244,4.686465114070963,32.41124476340329,Standard,113.80125881205485,0
1564.1939732202666,3.72421931868605,23.81168788836351,Standard,105.16362025298334,0
1466.301585092751,4.129214825292916,34.345780321946364,Standard,120.02618723082043,0
1433.7091201400333,5.8828676066309145,34.43645418633371,Eco,123.64779707321546,1
1684.2500100130276,7.50485675652711,26.183569479107092,Standard,119.91916771836719,1
1727.2523130141915,5.592007294734471,30.18968917723801,Standard,122.53767811576405,0
1340.8496557168417,3.2061754069472235,33.416644964055344,Standard,114.30145597825155,0
1327.254527806596,5.666904002330211,28.953430902103193,Standard,109.58331851304288,0
1417.4844908545067,6.794947229968477,35.36489023883006,Standard,126.46010390755512,1
809.4236505793245,4.085325643520926,41.8193624730968,Standard,111.36239511968405,0
1045.4426813404343,4.798974249990623,26.070069836825088,Eco,98.76634659374018,0
1910.0622802333573,5.022032292093796,23.094776984231125,Standard,120.33113159727705,0
1993.490314050385,3.82265253037664,31.51909297802438,Standard,126.46995492264833,0
1425.2891881330866,5.972420650765788,33.60781252563072,High-Speed,117.19307977938678,0
1672.9670889167298,4.818577777088327,28.845668130776154,Eco,115.84590247634529,0
1593.3750463630608,5.629298665860541,37.266303316605175,Eco,120.71169059054077,0
2423.6642425365712,3.66876173329685,23.306971001383758,Eco,124.0457711394611,0
1835.872473430373,4.343812549514884,33.46459311515805,Eco,124.28824528233537,0
1461.62472255577,6.083572036741657,26.970695896205534,Standard,113.29537046646237,0
1213.3378678198724,4.44075027186235,38.59688953103648,Standard,108.82170516966308,1
1018.0661039227283,7.590445776850108,39.962576765840595,High-Speed,117.86455781006917,0
1561.039090760167,4.400545721578096,26.16671706108326,High-Speed,111.06905923395517,0
1273.094776414709,5.337027088627829,27.2522143204571,Eco,114.6904282543907,0
1073.3238871206977,6.398886247809635,34.29793943489901,High-Speed,117.87586948374191,1
1306.028134727242,2.8724514006004522,28.064346751052426,High-Speed,109.93427399126293,0
1175.5355989156815,2.358786782028836,29.77294391033881,Eco,99.53093957666192,0
2006.1424905217693,2.711515528144858,30.12694210271205,Eco,121.71094620836388,0
1764.4919270848352,6.893876155140773,20.40163421901172,High-Speed,106.73060380975033,0
1497.6082076050147,4.172212781161329,29.930811269528814,Standard,116.47194711153162,0
1943.9832416670079,8.837298928502378,26.55136112967913,High-Speed,135.2684894278434,1
1523.2104922942856,4.153628602013917,27.53438588800114,High-Speed,111.1176642220168,0
1241.6147396015208,5.276826954795555,37.21816001734407,Standard,119.27603925150346,0
1956.9372231808973,7.313164928851814,23.717465528603718,Standard,118.8210078317802,1
1661.6730131053976,8.009139332238684,34.06602593373989,Eco,126.50379438769747,1
1188.826153702063,8.092255364954596,28.605185348340957,Eco,120.7185559572619,1
1442.8983965749176,6.812549345889714,28.601199157520828,High-Speed,121.32656701493718,1
1237.3145239845728,6.536093788717194,33.951859480258555,Standard,116.18873998046745,0
1085.160080710699,5.888790423801774,31.70025647284445,Eco,115.84219443901753,1
1777.8532642594923,6.167541614249957,32.85306498609766,High-Speed,127.94986189369241,1
2072.8249921410393,4.1732214255072,34.84092330266431,Standard,127.24118722910944,0
1080.4297278542576,3.772701674866539,28.343458084083387,High-Speed,102.80097865850175,0
1668.8907710071712,4.994938313883572,26.93881632746125,Eco,115.13912581026369,0
1304.8072292634517,4.744723066212607,24.574247367211008,Eco,101.69847039047671,0
1353.862384870591,4.320157926009087,25.872947350105225,Standard,114.85942942202922,0
1322.2818227283392,6.044581171185073,44.745472126543625,High-Speed,124.51334491730141,0
1240.8027690960553,6.432957812855766,36.22339790368393,Standard,115.71536466552311,0
1514.5564883834481,5.132610329437771,23.244628168959892,Eco,104.07161652386452,0
1250.7149650766887,7.216295121582893,23.387710216282148,Eco,98.5853659405711,0
1581.1370477339517,3.2874663287997423,32.40933030859246,High-Speed,119.27635536414729,0
1484.928567165259,4.709510811080423,32.736323986889836,High-Speed,121.62945099569916,0
1428.315585940077,3.9247665190957925,32.744419176586824,High-Speed,120.53895628078403,0
1227.7309013875206,2.20019507439041,28.72522103223151,Standard,102.29008595866073,0
1326.9686008295002,4.875978971235951,29.372728699985498,High-Speed,110.61753976820032,0
1726.6173677477268,4.8173787374250745,31.639397620796785,High-Speed,119.34869672863896,1
1650.2751562873143,7.270174614863197,30.429465031466652,Eco,123.44172353888659,0
1206.7334265604347,5.946217526832166,18.903498136262325,Eco,109.7219626109999,0
1529.7996916287677,3.4637197635061927,28.85100184712403,High-Speed,112.20351847539527,0
1725.4161370115366,7.781138849501282,25.742967828698433,High-Speed,126.4458981069497,1
999.1784156635885,6.83155054328803,30.87605709454256,Eco,109.55325618732387,0
1663.0080577139804,5.873146555202924,44.926295013017054,High-Speed,140.4883030838041,1
1301.212872316246,4.660273851725252,31.837408327371524,Standard,103.62117434036158,0
1671.179600577948,3.5608411449147805,28.43235156913801,Standard,108.96895525556609,1
1271.022253037245,4.4416898358934205,34.60900750988626,Standard,116.11042827956024,0
958.5353698006443,6.633122929556278,32.41343943604606,High-Speed,120.43732002489512,0
1011.7372686350512,7.826879458901913,32.100472452259204,Eco,114.35682098296932,0
1514.4254839984146,7.3148652924082835,33.034252966078355,High-Speed,120.79122125521496,0
1577.9167505164446,4.266725867320589,40.28271782414771,High-Speed,129.45463746374026,0
1228.7050124686775,3.3205738500664834,24.34555782337042,Eco,103.97047334331059,0
1691.577737633212,5.211329370366806,32.36816038405727,Eco,129.2054755457983,0
1001.543981319312,2.3473409516557227,25.368094350092306,Eco,89.74195206187768,0
1480.176060405805,5.484751571277172,32.77756323171124,Standard,125.59579315173264,0
1136.695140071263,4.778596120551997,25.40656744256953,High-Speed,97.26335977301952,0
1304.4491676593523,4.300945247197637,27.91316593197458,Eco,107.73101848598647,0
1514.2196013949242,2.607945399099807,28.524550428810468,High-Speed,111.68780963281601,0
1241.8759904148142,5.770400159854574,34.87908359672355,Standard,118.09685397630705,0
1384.6333367310524,4.200948740507133,34.59227221971207,Standard,121.17181804157038,0
1801.8878427643322,3.245124746434568,23.771413117768077,Eco,104.03439913054142,0
1326.9324391430553,0.691606680077526,30.274670554999243,Eco,103.19243932554949,0
1750.7076336195425,4.958727642424045,26.452100726254137,High-Speed,124.570862523374,0
1161.0879436027146,7.658377395004616,23.707475446623327,Eco,111.63015385222498,0
1658.941253374585,7.491888821821805,28.914914747878147,High-Speed,119.32878052151521,0
1932.47058619737,4.314355615120593,28.457586057720903,Eco,127.23890658205886,0
758.5066499618132,4.096681909457329,42.13358243172761,High-Speed,105.87715236754319,0
1260.931423358857,5.703161384112535,32.16479912680348,High-Speed,111.08675616858687,1
1673.121638154162,3.5024218412175627,23.111912496228815,High-Speed,105.95733859869267,0
1439.086384187102,5.452687849729199,27.176129979145287,High-Speed,113.16092572663646,1
1611.3437620113928,6.149120417577035,35.106916477146996,Standard,126.6005105677524,1
1318.8044439852538,6.840399835826461,40.442213864349625,High-Speed,119.48535928723554,0
1525.97693624187,4.849768885280071,22.070083438810208,Eco,104.98179830543603,0
1453.2968293823762,4.694489374734551,20.600378074304775,Standard,103.81004810461664,0
1850.3346184979423,3.6830261198651586,39.35482587685891,Standard,122.92317513167566,0
1576.3262529903639,3.75967946894021,31.94807088685452,High-Speed,116.66797157438857,0
1601.2807986225607,4.6602816621477094,25.658536340618166,Standard,116.00925718231943,0
1376.4369101632599,5.551048260224267,32.67314543061217,High-Speed,118.66424424964858,1
1353.7181327782519,6.370376939349875,16.821261304915613,Eco,107.58397349161123,0
1370.2325436541137,3.795231573979483,30.016877532985806,High-Speed,119.26119041086268,1
1618.335642713489,7.239032853439283,31.639105864215427,Standard,127.89399767737612,0
1373.704655753921,4.593314598436147,34.621350697689145,Eco,120.57428140876634,0
1586.932457068924,4.967949058477346,24.930520238537312,High-Speed,112.02985922951683,0
2122.6202395936316,3.879182481278265,30.428435807016797,Eco,131.2131403539892,0
1761.3374110295076,1.3636396095905876,25.372876869702065,Eco,106.62238612136166,0
1402.1929403496476,6.326068094541575,31.276918778371584,Standard,120.93780570398711,1
1860.3641766491835,6.10526584563865,25.523268388184878,Eco,116.03222851671627,0
1377.5773880935346,4.57800866432268,27.959495804198898,Standard,112.19533672597713,0
888.5626394466439,5.100486075837308,25.020923026048855,Eco,95.66230522351856,0
1197.5741067247789,5.773908826556149,33.255681209118286,High-Speed,119.67097744060013,1
938.7624236922433,2.6561812146701858,34.29225558328333,Eco,107.22888828714093,0
1394.5459547876073,4.206420983980558,28.826897150212933,High-Speed,109.13535233807842,0
1505.5255137568656,6.191397019432741,30.191189974800142,High-Speed,129.989829446682,1
2002.9311936825848,3.1185658652461257,22.75704292683228,Eco,114.63128139726547,0
1598.0782121292489,5.440336898249944,28.501616759966065,High-Speed,110.30360539282006,0
1434.2698413573407,2.965127293064892,29.748976914791275,Eco,106.00180673982867,0
1748.8216743550468,5.699644973650289,43.103965455149876,Eco,128.4880131735573,0
836.6594072976345,4.946537776553774,24.44016487112918,High-Speed,100.54967499317176,0
1570.6843674325698,2.5773022761417357,37.320886193762185,High-Speed,111.53683686065321,0
1731.25955816609,6.747109031685757,34.98429386732904,Standard,126.78432875736819,1
1056.4241262660476,3.8981126348029265,31.403182022450682,High-Speed,107.56907058297264,0
1843.1262129620786,3.784621344478429,38.793102420975664,Standard,128.0517890307772,0
1601.5489222483243,5.300853795846415,31.860527363034315,High-Speed,120.70831576330109,1
1375.4136258297597,6.722956024143073,31.945795978339643,Eco,120.50230195484494,1
1689.8345598318854,3.4762672715324046,29.734396734912274,High-Speed,114.42237627586026,1
2181.2078573413187,5.092519774771957,36.117844412093135,Eco,127.23097183509913,1
1554.5598765175484,5.643224750495859,35.482346169054416,Eco,121.60094523811092,0
1574.4661758901009,6.039658410894716,26.871613562518938,Eco,120.42950931663039,0
1362.1917301379267,5.2646623329158375,23.40376402700616,Standard,108.44382671360604,0
1245.0466891605624,4.449458241375017,28.985096813021716,High-Speed,111.17009870271866,0
1749.1007449632737,3.7586146690269207,25.999807178011768,Eco,112.24448216669475,0
1243.17485222734,5.129215824569562,29.682377126923225,Eco,116.40411870689893,0
1521.4698711658177,3.3917914820215898,36.187190673420695,Standard,105.07703932975024,0
1356.702765970465,0.617974274758089,27.71349172456605,High-Speed,101.55698695057416,0
1643.6939477239175,5.654839706236502,29.785883093442127,High-Speed,127.5840864304297,0
1600.0986315860846,6.355902261629293,30.290113674041976,Standard,129.6123118052358,0
1811.2619832773698,1.4556013466872424,34.242154411026426,Standard,116.09883571487427,0
1346.9950803435759,3.485403942935094,18.765553330076973,High-Speed,94.03486335005641,0
1419.0375194119886,5.928731391507797,26.966498526173517,Standard,121.60814189966487,0
1206.3708852653078,8.086243204567548,31.056418461397364,High-Speed,118.92883465181512,1
1366.7120219771666,5.031190561513112,36.00039478213431,High-Speed,117.91768497268416,1
1613.1901479134556,3.9079955881562984,27.540487762468974,Eco,109.60190893424638,0
1727.0965849936056,4.72565533834274,20.61723646979063,Eco,106.60042181727019,0
1223.3504027467125,7.0623146287222776,33.09855722983068,High-Speed,121.42095625522626,1
1760.881776031698,4.031053731313197,26.823188055871853,High-Speed,120.10317756740774,0
1906.6913576414852,3.8012119900246195,24.051666704548193,High-Speed,117.88591050052692,0
1624.0304709671102,4.275884716726951,26.87827305143388,High-Speed,110.85271074433747,0
2063.03874376742,3.5700070876119314,29.07737321172075,High-Speed,118.12269703820908,0
1267.8632402689282,5.184005473992193,26.976276677308935,High-Speed,102.73705655610672,0
1126.6035890065748,7.437017687704341,18.972169714504656,Standard,103.4996258906062,0
966.3839253287164,5.484618909674044,34.48533098443566,High-Speed,105.59822274456315,0
1948.8132934467549,4.621469746810568,36.37437520639361,Standard,121.08289192462118,0
1696.3096969062174,4.562283096626684,33.25760995669753,Standard,125.19471470681434,0
1483.3245987268635,2.6552137869550143,24.311571647875915,High-Speed,99.15846445280071,0
1583.9905878959462,6.324664665720738,28.99254233026241,High-Speed,125.60512069358438,0
1162.353285810487,4.883244204480797,29.96739342385271,Standard,111.39944951706121,0
2233.725593885048,4.729280129614062,32.99397194780955,Standard,134.36459569807573,1
1538.7663545925682,9.789661351767291,33.34170244359041,High-Speed,140.2493876564424,1
1532.8184383814678,5.44812936254853,26.32913100610752,High-Speed,108.91098380856408,0
1717.7299871696077,3.8723134248572233,30.409977782067802,Standard,122.73222551143344,1
1644.302769521014,4.3604636056916855,32.28640202307621,Standard,118.1281231580033,0
1567.1652072837394,6.722668563795132,37.279111610733835,Standard,140.8286156268974,0
1262.8576633664063,5.1699056158066465,33.522532699123616,Eco,113.0959713104476,0
1641.4405071407987,2.84258303252395,33.945283436877595,Standard,114.37995279299984,0
2064.6073489425103,6.378843401862805,30.419133139646803,Eco,133.70224086951097,1
1903.6260138464934,3.9977838716915093,37.05229572601752,High-Speed,126.66427387592947,0
1977.9559879918193,7.8099466643263185,32.04881397979749,High-Speed,130.93072279299082,1
1346.6352970706444,6.620072098571972,25.694560449132148,Standard,109.18715062746935,0
1203.1185539224257,4.329017156511873,37.01684985062595,High-Speed,121.78941629216597,0
1462.2639239701055,6.921524542602669,33.48951636269514,High-Speed,117.52339476656495,1
1516.7174736866084,5.101783265791105,27.784779894357587,High-Speed,116.43206935559851,0
1828.2574555412846,6.27916051268333,27.602535163003783,High-Speed,129.62599922106753,1
992.2606110855542,5.727099225941712,31.48287772570381,Eco,114.87173739434158,0
1958.865095838184,3.7304650175136898,32.31592397633792,Eco,121.34794163071103,0
1452.597630426303,4.034675251523807,30.986461328156032,Standard,112.89688579673158,0
1371.935679015774,6.5449412263717415,31.556543367214427,Standard,117.04533383494451,1
1196.3686874219497,4.497837001840189,38.499786872881906,Standard,108.29670193801563,0
1003.5429984402691,4.394527305137005,35.357715761174425,High-Speed,112.03093775568802,0
1746.9511751885743,3.5673161309759704,30.95317795632512,High-Speed,118.81237442444557,0
1521.9953901565211,5.635398598390192,34.70655290383742,Eco,129.49657202518523,0
1113.0117300776838,8.093787378864718,24.837380482362303,Eco,108.2485819480982,1
1111.4763683809151,3.398700628618591,31.989635249734043,Standard,111.7614699320405,0
1399.2645902129616,5.036329185009137,39.04653174866555,Eco,127.60951091713554,0
2000.7064575868178,7.118330833123144,28.90977052303813,Eco,131.17313108701416,1
1422.1225945909187,4.880537913131427,25.761830356904575,Eco,100.39895310600225,0
1049.0571140645682,5.678557694374601,26.739555557034695,Eco,104.00634267563419,0
1426.2770807742168,3.40640970777968,24.551834813288057,Eco,115.61238935708458,0
1418.182929075699,5.6424606458114726,26.076190459361484,Standard,114.8160414209914,1
690.9340071175285,4.719283602493177,28.147459507049856,Standard,101.60185528358282,0
1483.7115400446564,6.478594993519795,22.97216490410679,Eco,113.80261729980322,0
1430.7196409373967,6.781079077347126,30.078091669748016,Standard,118.51234929859852,0
1708.8619094440255,8.88434546302792,34.51138586893324,High-Speed,124.66048769809937,0
2054.6868284836037,5.869449759820363,25.4612190992654,Eco,130.11003233391185,1
1837.9695088643273,5.48869447487325,37.59641961820884,High-Speed,135.9566680826486,1
1419.3333928335508,5.291576452366004,32.55396044263797,Standard,112.90446591436296,0
1168.0422273774989,4.470250560783968,35.152902928120284,Standard,111.7645176844646,0
2272.0079409749583,5.507725765192537,26.710827230739316,High-Speed,129.00942863030053,1
1517.7655302043465,4.556897884791455,34.27262613533308,Standard,121.26642269426345,0
1504.178787573884,5.252691464404421,24.540330498023437,Eco,110.12575090336202,0
1492.762473866999,6.976396303411939,34.451237504182544,High-Speed,129.51393485513088,1
1559.4254282303566,3.4901861520805384,30.859196698967658,Eco,114.95795288460505,0
1456.6918764228171,6.709817841693568,32.76625609992392,High-Speed,109.37427173470591,0
1327.901397935929,6.975672601009798,24.12202697187574,Standard,115.50843241470689,0
1335.9423176278824,4.822897209513382,25.524650788616977,High-Speed,114.1775649451886,0
1490.1740189352006,1.8172176514871081,32.98614109126692,High-Speed,104.97512907911062,0
1336.9725686598706,4.0882670193583515,25.258259978878996,Eco,109.21036157956937,0
1286.1462651968507,6.9454918198416635,32.316031460495616,Standard,128.0892783707087,0
1531.929068307569,4.965697906551677,23.16431096769877,Eco,112.1446067825808,0
1423.5068347737433,3.5010466515576337,34.240871063333344,Standard,120.32359449668309,1
1951.1978965748065,4.242837618157674,23.837383426157455,Eco,116.49018386663369,0
704.7090574820965,6.26093003975683,32.76149968839762,High-Speed,105.86588455746632,0
1827.4520555767385,5.820100352302069,33.12815466823,Eco,126.5787092872422,0
1873.8255577492887,4.641601851245459,26.516140907852126,Standard,118.35782637764333,0
877.9829302775552,4.449763382277968,32.91013283542363,Standard,104.27356310416954,0
1397.1937217758955,4.412362776434267,31.30221131666778,High-Speed,105.86314152531621,0
1388.5677402012625,3.616384723252246,27.30579071903631,Standard,107.00254851546845,0
1077.7464915846535,7.423063534204163,24.95722657961896,Eco,116.76740220803256,0
1266.6549937227373,4.51651929618299,20.186871541637103,High-Speed,97.95544506396274,1
1166.8272463602514,6.825737781238245,31.748250236498468,Standard,110.46882321213286,0
2025.6811330270868,7.281974077883677,22.175986143189725,Standard,126.76540862677648,0
1780.7035179442385,6.49746634722194,30.47672099720654,Eco,126.79502874149105,0
1881.4665284982477,4.352569530922928,28.682758919588753,Eco,123.34428512821322,0
1716.5016192129706,5.605595135504914,33.39571387719098,High-Speed,124.4918984588513,1
1161.2844686348312,4.963706590413626,28.48977250255068,Standard,108.78609467306289,0
1342.6439201160679,3.6444472089048077,28.352761068264545,Eco,106.89178141105002,0
1646.8123683683755,5.486538922582405,33.659353521441474,High-Speed,117.20109671447689,0
1133.3616573324164,3.231440313260296,31.675290145420586,Standard,105.72910670458228,0
1713.8995290517164,6.781519082692346,31.58077978591389,Standard,130.11939709870865,0
1427.9023805525596,4.30307405405241,32.34633794904263,High-Speed,117.768076237178,0
1387.5537577351208,5.301739483809259,22.322139383964473,High-Speed,100.1419247367007,0
1713.2879904610475,5.424931807319213,33.78394339993491,Eco,126.11487086401233,0
1633.278993445812,4.611642539443884,33.062343970068014,Standard,116.18071376429452,0
1391.710150254276,5.880040702212912,24.916584357117515,Standard,119.42839227241873,1
1847.7989410092744,4.287644515066213,28.779597631628995,Standard,122.33011712779611,0
1175.6810017200307,6.306945946185866,29.803463561861843,High-Speed,117.60517555000779,1
1684.780682083279,2.981030479629877,29.327516077991337,Eco,114.71604342520764,0
1677.930377390515,5.189569369319618,31.669299832842672,Standard,121.53769584289611,0
1407.136068205803,7.908393498587428,37.15683390915592,High-Speed,135.1183968261756,1
1597.8399066726354,3.499503013091638,35.40883363836414,Standard,123.89649455999819,0
1124.665927084409,3.9833825442127226,23.43890403284297,Eco,101.79219138973211,0
1777.2081057620703,5.770861774488372,33.110349951530246,Standard,125.46126438199954,1
1444.5293590671033,5.269372672909397,36.644666597677045,Eco,112.84387851410284,0
1343.1830938442881,5.525945148910338,31.934042603446013,Eco,117.84859650628914,0
1814.7027677510669,5.733780695221495,35.454902125929834,Standard,128.36190894722037,0
1288.6968928371723,5.9520822028426545,40.06135222850383,Standard,125.47300538206453,0
1077.4616110909321,6.664549762934334,35.11854773053491,Eco,120.59453902125634,0
1033.011247942829,5.6147279853927685,31.246542978208645,High-Speed,115.85888478014165,1
1681.802985403692,4.638113518072187,35.225442370423764,Eco,125.09666195406534,1
1115.8711942511152,6.008860551804097,30.724439165484455,Standard,106.6873242712791,0
2026.4382545953094,7.849822902342822,30.119515216424777,Standard,123.5023667663124,0
875.4211776348834,4.801049380426139,28.242928821431338,High-Speed,97.98189075912413,0
2008.9369104870116,3.538206042994038,37.81706679416054,Eco,135.9453492500791,1
1563.3052401607856,6.660621003930459,25.907856670289995,Eco,127.76139999577106,1
1470.9860664388823,4.819428254069603,37.66183862339058,Eco,120.40825910381825,0
1336.5242739573152,1.7409956809789457,32.49932061870186,Standard,99.7776349051434,0
1619.7408343056213,6.271132515725633,23.003469125990293,Eco,113.23335540120455,0
1488.7095892725456,4.197007721069116,31.83824646495711,High-Speed,121.42633737357875,0
1830.9905646049565,4.864200076543759,19.49986746174188,Standard,111.4251395852165,0
1534.2682945986119,5.497970495853522,33.12754008415518,Standard,123.87794393726776,1
1545.0905284385633,5.2857495196686,34.42615741494495,Eco,122.4999018063889,0
1390.9163363358432,6.064177725708559,27.03822022173973,High-Speed,118.15936351356532,0
1482.9163128836797,4.346770444145235,30.617738479777913,Standard,124.10949814659419,0
1592.3405306676177,5.769658697264124,39.77078716875143,Standard,131.0364944691855,0
986.9494822030124,4.610679983624125,27.471266478690318,Eco,103.97728416926246,0
1095.5443733682862,6.108215721331255,24.705462064716997,Eco,116.58766425151205,0
1722.9792282068145,5.92305122601958,37.40831701231299,High-Speed,130.94162674716094,0
1551.2596314383825,3.596841946933107,39.81293595265397,Eco,117.90290877156559,0
1444.8049990941963,6.628973174262548,30.018478359239236,High-Speed,122.92064205377912,0
1505.530179919618,4.196054832328928,35.05731517704178,Standard,120.88387053151295,1
1604.2745116085014,6.212086697421718,36.70737957765441,High-Speed,125.44209892649485,1
1338.0720959071916,5.55093097010201,26.28757883730808,High-Speed,109.08090215091394,0
1266.5085823793063,7.757275515192683,27.57347082316066,High-Speed,115.29083965752181,1
1558.7535765293044,4.6648010264422215,36.15437256577368,Standard,119.10112536180179,0
1206.4881667154905,4.4760248058227035,38.425071393542545,Eco,114.73108337013615,0
1622.4758267143416,4.970870591168401,32.81440430087177,Standard,116.91423344169593,0
989.2249187286479,4.545230325748587,25.60092823248973,Eco,103.5590902157353,0
1808.746691197693,6.199912852913075,39.935305558497205,High-Speed,135.17896697282842,0
1641.7792447239128,2.575534087345118,27.345145510940178,High-Speed,112.87654540774054,0
1576.8089202941626,3.4194763712804686,28.32431109414274,High-Speed,112.43247151221534,0
1794.807295183654,3.3982956176312102,31.711689172448107,High-Speed,118.87292000558428,0
1999.642333338773,6.425461387960364,37.77080210357387,High-Speed,143.48317080780302,1
1804.3110195054392,7.565920058872888,34.26987988276112,Eco,132.75395387768893,1
947.7377306005064,4.843326172193793,32.074327501809556,Eco,113.04136627421965,0
1116.1269099792896,4.746767415214984,32.31644265059053,High-Speed,105.06053094226412,0
1312.5544266912964,5.105078244669772,30.21757334321733,Standard,116.13373199108113,0
1507.8273150632501,6.742817453912285,32.790697572592535,Standard,119.57263281081966,0
1655.2977061407369,3.608970298714139,17.352199611528484,High-Speed,103.2293799173562,0
1282.2768560539603,5.357553474102177,28.516962704651007,Eco,109.79346177041771,0
1556.0300293431235,6.462796444673645,31.206609674583905,Standard,119.8698845951948,0
1273.3851202940032,5.751641254909767,24.244929581902465,Standard,106.89472592626718,0
1316.5446591024156,5.284372424898115,31.9316165890578,Standard,121.17349296499268,1
1078.0016709455333,6.501569138850712,28.97764389506939,High-Speed,111.22312724768116,0
1223.0300261667287,0.9451515605011442,38.77737849157745,Standard,108.97065916389744,0
1094.4946183150998,6.016812979296361,37.865098626074285,Standard,114.93820389764507,1
1207.2380241068001,4.0188864753088644,27.670972154409185,Standard,110.61345091252606,0
1816.092538982352,2.2540506547153147,29.245811442166524,Standard,117.12890796136314,0
1215.1803333504172,5.766803899287471,29.630262171958037,Eco,110.88018293104477,0
2289.7146194512175,7.060487817744437,27.741702619201888,High-Speed,127.71745456561374,1
1647.9953702642667,4.793827228058462,30.975124920140633,High-Speed,120.80605770355335,0
1555.450837108462,6.429311820804408,26.20858965556205,Eco,121.0275656313072,1
1242.492665945636,7.418417386982968,24.346923325312368,Eco,107.9791962550033,0
1710.0929638226974,6.972371680376071,33.11355611950134,High-Speed,126.64666027949937,1
1327.3086521286677,7.459946794057089,33.147647921109055,Standard,124.3999608719081,1
1536.6029443936084,6.113191236607839,25.978421201700037,Standard,108.94313365514296,0
2268.0253614806384,5.113150458352389,34.476777153812996,High-Speed,132.4805441814947,0
1471.182030082605,2.597051282154247,26.842111354173344,Standard,109.2745025985084,0
1844.7819978857028,4.630906267805077,31.265826190189905,Eco,129.01065877363672,1
1289.0470724622337,3.735130107025713,34.10172006306228,Standard,123.32904182861462,0
1489.5034528509116,8.25641407624672,29.831937176481436,Standard,134.08992783065563,1
2031.240190690653,4.736171281351495,32.273704560705674,Standard,129.00304307733637,1
1311.9098826636698,5.184807210176729,27.417851780562142,High-Speed,108.71336269575517,0
2043.7345673990785,5.8272280640607015,29.017667082859514,Eco,133.27250651327537,0
1712.3255806366426,5.06540366955868,28.970702845598296,Standard,117.36861844448991,0
1331.2599672317197,7.54257656064613,26.267108267298806,High-Speed,112.68485093536052,0
1689.7223217166563,4.066025957398322,29.11612918442109,Standard,115.7260844135403,1
1791.766334888019,5.2919111828558645,22.256908505681267,Eco,114.71726495855951,0
1686.5429886651589,3.8862941214529276,27.544231264289476,Standard,117.54513320369645,0
1028.9325840328631,3.019966233168941,28.575622533151645,Eco,97.97705717942912,0
1281.8588472525394,4.082346363642072,28.7191012375231,Standard,109.24393413066352,0
1425.7444093345487,4.944444804427382,28.792512770646105,Eco,121.88477767130291,0
1477.669971269986,4.35604666322411,29.691179000699357,Standard,114.80716285438972,0
1686.2016292652033,3.961368530189216,32.39720759043032,Eco,127.12893142373024,0
1553.3103002799762,2.890523804492249,34.37258537066261,Standard,121.80086681868998,0
1099.3966923869696,4.875341641056957,26.751173865758666,Standard,108.53742822649187,0
1614.0593553017889,2.7429194389534968,23.983995723054278,High-Speed,106.55491833217035,0
1683.175723585147,6.140083945534404,24.789777938784486,High-Speed,124.04808657331206,0
1667.937134379312,5.123659629401755,27.563985394025366,Eco,116.96920548312055,1
1824.2342176663865,2.813672750802604,28.240393410917456,Standard,116.10113268393341,0
1750.1766463646711,4.536186384425205,26.150019669012714,Eco,118.91500799439459,0
1637.754023768531,3.871765391614125,23.519416678750527,High-Speed,111.22318993543895,0
1478.9502865624058,5.478761765628771,27.71939586262906,Eco,111.8500882433706,1
1001.7117199452027,7.0106756690347165,30.907133100569858,Eco,104.6511354770324,0
1628.8854657397758,2.187241295531383,32.97514732917782,High-Speed,119.22159506859363,1
1562.3063061489333,5.172539118721126,27.212884734458395,Standard,118.79949234138,1
1581.473651158612,4.7598008066500395,27.93501088928283,Eco,107.27392878874188,0
1116.9754272539071,6.007010114675698,25.366508455763448,High-Speed,103.91630384869387,0
1175.6830378775212,5.319794942356534,29.842804148126117,Standard,111.58271857830957,0
1815.9458559998711,3.8720460023917713,25.757856829045927,High-Speed,118.81817935701643,0
1488.1334538430035,4.521419096500073,32.865639066206,Eco,109.7664597762396,0
1704.4502092117873,3.8059612147947663,21.070667540329445,Standard,110.01424792077411,0
1508.4955128391377,6.614010707897897,28.20185163773769,Standard,121.96469131298748,1
1508.926841848723,5.031967473007914,31.50553669595871,High-Speed,116.20532586676481,0
1781.4851417927994,7.851786028629511,30.91917258161252,High-Speed,131.27365421489176,0
1345.1865815347878,4.909008779278069,43.46516831990248,High-Speed,121.51062882459054,0
1528.836233082295,3.9373898496343056,31.749000122839536,Standard,120.3653811425009,0
1361.3174133884872,2.729428411080759,24.97972701578995,Standard,100.03727233877224,0
1369.6511317703053,2.2952904856160825,29.522678764554634,Eco,101.03900066561813,0
1407.2483629594083,2.6237960854917652,21.11876833266774,Standard,101.74410645935954,0
1566.6401314901138,5.400689976517225,29.597001253516197,Eco,111.34449871246582,0
1356.375413500957,5.7630875348449,25.834719714996208,High-Speed,101.67744693881441,0
1876.7268376720563,2.6282139469517998,34.57695137780081,High-Speed,127.18530921333135,0
1231.617809334149,6.342557471114173,27.252298627022327,Standard,107.36946635828218,0
1443.9385067515923,4.2754084224748405,29.416170421023768,High-Speed,106.4319696151189,0
1368.0806825177476,5.220189517978324,26.822210792977984,High-Speed,107.8110621949351,1
1934.09336530612,7.418330942383136,38.69425675926666,Standard,133.8998469124396,1
1558.9664329534723,6.345258973798298,28.39378616941044,Eco,119.04694772327584,1
1809.5533618405905,4.597204028141252,39.16278521739601,Standard,123.54687181265191,0
1054.3318880889085,3.6632116618770687,34.070758810591336,Eco,109.9922046762247,0
1580.1150797607777,1.7722768980060426,32.41033363667693,Standard,115.19243140536078,0
1766.8892386870311,3.92127002113637,31.8436657365876,Standard,114.24093516277395,0
1524.6851967826271,4.6833046417584585,31.968986491081257,High-Speed,114.68667161817176,0
1819.6441125196054,3.5192307092732245,20.36163710327195,Standard,108.8649825059998,0
1344.8134649698884,4.803114549361543,28.60558302924622,Standard,110.9634852893669,0
1922.804232055674,5.115277824438152,34.225789855921604,Eco,134.03832867186458,0
2189.669437085775,4.662716027287882,29.75551408262947,High-Speed,134.9561571510518,0
1391.1484318681023,4.02499612876481,22.974050765982124,Eco,118.75903650288869,1
1366.3492435797684,5.2529820079500915,29.73797774711265,Eco,102.90295244338982,0
1936.0153431353103,5.662910974354114,38.520527581277456,High-Speed,129.07252774785533,0
1973.8716437192138,3.364401383835731,36.2344585776736,High-Speed,135.9460491014874,0
1343.1419918540196,7.116398569619405,29.689979953169843,High-Speed,109.40231863478061,0
1373.9439548712428,4.852117801573607,34.757246385290436,Standard,126.37129603044475,0
1415.4646173418478,5.028274434417272,28.16746489815974,High-Speed,114.15070671712415,1
1096.6648466897168,6.062321634884836,21.480642065866405,High-Speed,105.19427853881227,0
1224.4044160547405,5.349824196895253,25.377670059352226,High-Speed,101.76579493021737,0
1198.7577699743797,6.429704950869867,37.81444384254099,Eco,118.04515675067358,0
1269.6607304687614,5.430686247802736,28.63003459085348,Eco,120.6108397001144,1
1489.5945337839657,4.0813439380393435,28.78308010312491,Standard,112.78329892707147,0
1570.2644197609561,5.542255287809152,28.500809018625596,Eco,115.83907868859146,0
1965.150147844223,3.2844106890190075,39.52068294786503,Standard,131.15917201962017,0
1200.4937877783627,5.162839558664785,38.12979457681032,Eco,116.45972231216417,0
1795.296719542975,4.950155014033308,41.093901167240666,High-Speed,132.8821986087675,1
1435.8033467323473,4.687824714091191,29.204773947999744,Eco,109.5507412174751,0
1485.1608871042702,4.807193732841604,31.478122443735476,Standard,116.51793678613726,0
1702.445847649981,2.1772264317535415,22.416787252896043,Eco,104.22003150749671,0
1163.1833935313105,4.176912638388558,37.38467213059137,High-Speed,104.59385396759731,0
1614.7229238552152,5.1392673517116725,24.161102243660324,Standard,116.8812975875502,0
1549.9356624639167,5.239784587996101,31.083877818813146,High-Speed,112.79641276654135,0
1647.7353792024446,3.458487288611063,24.51348736183578,High-Speed,110.38801104452466,0
1586.7505931723454,6.898561761297051,27.05566586630652,Standard,125.25629018887432,0
2236.5900419732684,3.700737727678249,25.8136878447515,High-Speed,117.14552815176005,0
1308.6780047246052,6.454185800790105,26.96062369662091,High-Speed,116.90094403851211,1
1340.7009134994546,5.640791542807527,27.304386484255108,Eco,111.26043902956869,0
1313.0578420725708,4.0306590352342955,27.258656025374613,High-Speed,103.31211224520152,0
1333.3568642519235,7.662966338914267,34.16666955890154,High-Speed,133.27250522387573,1
1308.7838618080448,3.20954475236528,24.4756860346874,High-Speed,103.77730646604984,0
1856.7049593322656,6.378731260415003,31.102707135069334,High-Speed,125.12262859785459,0
1926.1512743969565,6.500873477064467,36.08979576152779,Standard,129.74598117799053,0
1328.776111875157,3.994069686385033,27.43401817743302,Eco,112.91372333759564,0
1250.2933280687314,7.088697950096493,26.41040554626199,High-Speed,110.7956547413084,0
1641.4246669159213,4.6249302281015705,28.847376874098746,High-Speed,121.25131090055648,0
1334.3330867157085,5.4330404439197855,35.89862604180355,Standard,118.97576452194068,0
1689.8795453266534,5.390482758156831,30.97053815476679,High-Speed,127.63116864790781,0
1560.87690625539,4.798536887794178,27.343928526962006,Standard,109.87632592874844,0
1045.2767655008304,6.216212409739673,32.4193832559402,Eco,107.86625674363792,0
1964.2515603990184,6.190233080828319,24.488539250817883,Eco,122.94641874055513,0
2038.7633019286566,2.3772020401427287,33.40679755221474,High-Speed,122.45337669307789,1
1316.1633928546842,6.956510364317229,32.04303653850884,High-Speed,117.57618785520877,1
1383.6895320192048,2.5062620179464883,28.46095764430558,High-Speed,119.86541382782737,0
1585.7596172174715,6.5488193065124864,25.807071007763845,Standard,129.04913243860125,1
1600.3370369961076,6.690057705241375,25.566595388582712,High-Speed,120.68043668799697,1
1697.5632818018491,3.3635503546772028,32.67408668172955,High-Speed,120.58427123836593,0
2103.0613616299047,4.383778568068123,36.14490251244531,Eco,130.75443476232675,0
1446.9158317517852,3.3414429972710966,26.813461264856024,High-Speed,103.49356547250761,0
1260.5108266384639,4.677618454566897,32.29193351775742,Eco,111.8274482806162,0
1086.2042315956419,4.537948573721388,19.564864906989655,High-Speed,102.5764367491183,0
1280.7209880174244,6.16949079840401,27.076911346714002,Eco,119.22780964156976,0
1490.0619081378609,6.965463119179413,29.84470533564549,High-Speed,126.06920233183567,1
2038.3673590553362,7.093525716184934,25.45158291509083,Eco,121.31355633787068,1
1344.7166102891485,4.156747960132547,25.31746812605202,Standard,106.0940382161874,0
1567.1363854916694,4.686167189383208,26.66110221765557,Eco,107.0426896330859,0
1495.0731311781744,2.474842711668575,31.460963641631867,Eco,117.10155810305402,0
1856.5179820344251,3.791194900255717,29.063354907968126,Eco,117.79710884370064,0
2258.0797277620863,6.447277449646187,18.80884383337514,High-Speed,126.09131266790213,1
1340.739368123904,7.423374235322347,19.39649923682467,High-Speed,113.2906736802687,0
1353.1681672445334,3.148476692180117,26.965674110714126,High-Speed,120.33779396297176,0
1813.2482631207215,4.1113036112706585,32.28843293026776,Standard,123.71534533375291,0
1704.5674468878933,4.96039136456161,16.262475786373827,Standard,108.31095278922969,0
2054.01219772081,5.42024173822941,27.501349119241848,Eco,120.42671698936502,0
1675.1784555977893,3.7855947201175306,27.368760717412894,Standard,122.15576172869545,0
1392.212372763882,5.636091566696135,36.94168889104224,Eco,120.5796451633664,1
1677.1964492076927,4.289240979393626,28.074890941435683,Eco,125.01265651042496,0
1832.6110741748723,4.9783215936825815,31.914944923704642,Eco,130.15804697141124,0
1746.1446543592092,5.819426372005549,30.706285700437316,Standard,121.72170706450554,1
1652.1822093321894,5.009633404716407,19.347167600963996,High-Speed,104.08408087492649,0
1820.0024068767461,4.345421164210147,33.841036083158684,Standard,125.69927550060528,0
1850.7886771337019,4.835585294111254,31.07698252728144,Eco,120.89180515591931,0
1914.647697311258,4.8674555611919965,32.54134319837295,Eco,126.69139662018505,0
1694.6129662768928,4.444983455176808,49.63118853218163,Standard,139.95491682349686,0
1449.8645759049436,4.611805905999346,19.579435302507058,Eco,97.92244394697872,0
1544.014105929997,7.3979707557570755,38.62348324880554,Eco,131.59706482737812,0
1861.952689952507,5.841379171911858,28.56276240299822,Standard,128.49069260565705,0
1254.919298703829,4.556779522956259,31.436644522015047,Standard,115.68020320785959,0
1610.6019926618703,6.045431606766104,29.77243877349379,Standard,114.32585903301057,0
1381.9983563017918,4.499270765365985,27.878818333009782,Eco,113.28788105472844,0
1508.6234468804453,6.759686956379962,27.15083535880621,Eco,124.81003752513723,1
1883.5355587821896,5.554463288297141,31.647543677865045,High-Speed,128.59107333067905,0
1557.329720405971,4.839046783993656,22.414131516641604,High-Speed,110.59704555087416,0
1513.9309644468447,5.671575388715416,33.752895837608826,Standard,127.15793913367972,0
1092.0431577060242,2.643685771897251,27.91902797557373,High-Speed,97.31370591212846,0
1723.8760698081662,3.309848796635292,24.34965330479821,Eco,104.58270149057378,0
1693.6452543423227,3.209112490401417,27.74993571002093,High-Speed,113.09264580621209,0
2148.976416991638,5.21441464214556,36.28574608431286,Eco,137.71938777116696,1
1407.6665295141,7.598772499227638,27.323324564918885,Standard,124.20360529746839,0
1565.7450982991816,8.34695021928895,31.7922680910481,Standard,130.26860485788416,0
1574.8151051132265,5.957076652161136,26.345218621422635,Eco,121.64427397342976,1
1973.2359839290423,5.751266712416685,33.789609249618096,High-Speed,136.10113100983682,0
1471.4113402839143,2.2984133987708915,33.42753869395102,Standard,110.21940622627578,0
1583.7064577311019,4.185989300398967,39.24304416648206,Standard,122.79384122926716,0
1682.3689529149617,3.8183243721376416,29.122180272503922,High-Speed,122.92677317239585,0
1555.9827369469074,4.068728602623326,33.34327402378953,High-Speed,111.91531034337466,0
1366.0699156348414,4.747784272122816,30.490337697694724,Eco,115.72879345877112,0
1558.2269978694924,4.291864133454309,36.479358909315074,High-Speed,117.49414327389259,0
1822.0895249579316,2.0310502844363185,26.40583806195635,High-Speed,118.14539467596937,0
1192.045410176682,6.121865384176301,33.725026564386404,High-Speed,116.03591551260783,1
1539.8909022440628,3.3908854613902903,29.026513519416593,Eco,112.53421219078088,0
1289.963755518248,5.3588702961667245,29.679059114457512,Eco,121.58409757933121,0
1858.5139886774527,8.11112400462496,30.458762422241865,Standard,126.4348858256617,1
1043.0439285648677,3.620923112620365,31.261201982133386,Eco,106.00124530464798,0
1332.3234458185234,1.2045687158805054,29.41885478439021,Standard,102.29234387809478,0
1613.1635625193562,4.570993667179834,31.07356591585263,High-Speed,121.21166473123398,0
1969.657208770302,6.651439452497857,37.89059028781092,Standard,145.98086897034415,1
1480.2749216781037,7.937521181330891,34.92724842807609,Standard,124.36489257972427,1
1333.4401419920405,3.1556756083213746,34.34577296248448,High-Speed,106.04762166886161,0
2064.347120832177,5.745048834854782,27.722302369880648,Standard,123.78076927127499,1
1065.5958298751268,4.30203431482992,25.55379585885838,Eco,101.34594866055946,0
840.3582130139754,4.841077468543797,34.77650279118877,Eco,107.05221433310665,0
1632.0043350159997,8.966515020525552,34.38023396264897,Eco,133.13320540068597,1
1349.3837326942166,2.74554450740727,37.36335337875491,Eco,122.75552338128362,0
1193.630154860786,5.38060949224186,26.98009687015385,Standard,117.03239954721766,0
1712.506934189806,5.70153975764815,28.852256723198266,Standard,128.10052590180993,1
1573.1402141313597,6.628679487409021,21.802579187372828,High-Speed,128.04875953413472,1
1330.7764107789815,5.1469747302063436,28.037644469695636,Standard,116.03357290016515,0
1115.9086803987316,5.462075809256153,34.982852552897235,Standard,119.50142059099599,0
1761.7371984840433,4.412527148867314,27.66752310385901,Standard,122.4239329344052,0
1695.0603533875983,5.403690411867661,33.20239897600412,High-Speed,127.17687884719335,0
1470.2472408661852,4.485211586753884,29.047484470010943,Eco,115.82794398113136,0
2053.9910988142997,5.932357834784076,31.620285141107804,Standard,129.2226594515558,0
1178.9745701021543,4.445584495934549,24.261543050921663,High-Speed,97.86879584342748,0
1042.3424487225784,5.56565059085328,30.426047248169507,High-Speed,108.4485434053098,0
1292.4275790356266,4.956105779472533,15.044320145496384,High-Speed,103.1031406441513,0
1486.3241950933507,6.689075376158252,29.065519209190075,Eco,120.06289721448465,0
1573.0018347968075,4.922909414617271,21.8476337814243,Standard,105.91873878702249,0
1427.629182643101,2.340451297689678,36.02997258273408,High-Speed,112.3982747133566,0
1605.616618954289,6.892882251070987,33.88703676382256,Eco,125.36415337490563,0
1124.5381727428667,3.641401548706072,32.333354909830405,High-Speed,107.14917804464294,0
1933.1293812219778,4.019350492026771,37.6050311357969,High-Speed,131.2495655077773,0
1475.3546464822293,4.106508058934762,25.255417395875813,High-Speed,113.50898717823365,0
1835.1887494764383,7.061657139756226,38.73681598957779,High-Speed,132.8471133757088,0
1602.8176039133111,1.796488679031956,34.66095782130192,High-Speed,119.18194597295023,0
1637.0259657461352,9.706622800489992,28.81722356390527,Eco,135.71904576561346,1
1670.9301840696612,6.584085213599078,35.67810073591472,Standard,130.0228069693654,1
1634.3125680051944,5.334858371193739,24.46853243794183,Standard,118.92197459820704,0
1692.8168279602633,4.91765899907557,25.87742919236163,Standard,121.77358462309323,1
1898.7457590397294,5.428331112286485,26.9570513838015,Standard,117.62316082065466,0
1558.956350910441,5.781683642569008,27.355111459679925,Eco,122.79108196728426,1
1712.7011272765537,5.967823378925086,24.717211786198735,Eco,114.99704605881301,0
1473.079291713832,5.833406699005173,36.11541533547663,Eco,119.47392666702896,0
1932.0351646348417,5.134371021882873,28.70572799815084,High-Speed,125.42265908499849,0
1297.0823093822191,4.7039923695390105,31.762524841784398,High-Speed,102.39144635654607,0
2040.2821298732447,4.773090074519732,27.148243167931597,High-Speed,125.3350638592383,0
1487.952614806697,4.707637579470979,20.896983497257413,Standard,113.15463777739635,0
1070.7674693645856,6.700655145300597,31.35028679195711,High-Speed,105.01759745187881,0
1538.4313244732368,5.890335083421292,20.438725122901115,Standard,117.2904909190711,0
1295.6845027575357,0.5894170480035796,29.656829769572656,High-Speed,97.6187583981805,0
1752.1930646966173,5.9838511647946415,23.15842480583595,Standard,119.56453795305171,0
1304.2128062092827,5.292104292078163,39.93637999615404,High-Speed,118.49574831627699,0
1366.144970035566,4.971936865331154,34.55681361087361,High-Speed,120.26278487338332,0
933.1377807163407,4.417222320366672,30.528768956357403,Eco,109.25356436114824,0
1364.308104225277,6.68616907997902,36.318533388273345,High-Speed,126.29146331698428,1
772.836202011313,6.421289693184287,25.768420112671322,High-Speed,102.10477861585554,0
1024.829152954283,3.8406834982645863,32.71739689335047,Eco,103.89293263646037,0
1728.124396843289,5.610578430686803,30.99905216859357,Standard,123.04166560160208,1
1735.7400475952497,3.542514898188071,31.32010040666835,Eco,121.90702584750808,0
1627.6372685354895,2.9305727528166043,36.36176750053384,Eco,122.41992324904297,0
1209.9071570612361,4.059924163115053,33.66246051389901,Standard,114.03205487101216,0
1485.6865931574062,6.293590208574138,31.443618314125118,High-Speed,114.18971432809835,0
1498.9192382728295,6.42968756806413,21.72556281885852,Standard,113.31794164852667,0
1152.4905932422373,5.769628130145939,25.199768523602682,High-Speed,104.466552188106,0
1951.0194905301453,6.087643680271996,29.38645533202138,High-Speed,131.07330837642914,0
1763.2086871727015,5.774267430672437,30.466861871383255,Standard,120.24847305034874,0
1433.710747851101,4.037777607165571,24.34898137663038,Eco,110.50811286666138,0
1508.0657516983592,5.647883817010911,42.058383377892106,Standard,126.51679247473551,0
1562.5148423842656,6.200614287841524,37.58197027626787,High-Speed,117.42192787197472,0
887.4795394727128,6.131436994720362,33.01059160196242,Standard,114.14145298726508,0
1425.846785243821,6.783370057211965,30.360184306418724,Standard,119.63707218372153,0
1295.4047256006604,6.062455770801596,28.938955150494238,High-Speed,120.59528453824105,1
1199.5139970315254,5.527172311312374,25.240407699888824,Eco,99.67399148543431,0
1415.6699121342135,6.605225357474641,30.387402592594313,Standard,117.67877715585884,0
2039.3059580548568,4.96021811112641,31.288762700713754,High-Speed,127.13565249468483,0
1692.252858380103,3.677188023158423,23.79119712259188,High-Speed,113.42201637976318,0
1328.646303065161,4.755399554084354,31.670882086224488,Standard,107.17219409470871,0
1671.7748344068475,3.8826460327903263,29.223704755876255,Eco,119.24126485868265,0
